word,word_shahmukhi,pos,definition,source
ੳ,ا,"noun, masculine","first letter of Gurmukhi script used to form vowel ਉ /u/ as in pull, ਊ /u/ as in pool and ਓ /o/ as in pole",PU_09
ਉਆਂ,اُواں,"noun, feminine",sound of infant's cry,PU_09
ਉਸ,اُس,pronoun,"that, he, she, it, in conjunctive modes of",PU_09
ਉਸਤਤ,اُستت,"noun, feminine","praise, admiration, compliment, tribute, eulogy, laudation, encomium, panegyric; orison, prayer, hymn",PU_09
ਉਸਤਤੀ,اُستتی,"noun, feminine","praise, admiration, compliment, tribute, eulogy, laudation, encomium, panegyric; orison, prayer, hymn",PU_09
ਉਸਤਤ ਕਰਨੀ,اُستت کرنی,conjunct verb,"to praise, compliment, eulogise, laud, panegyrise; to pay tribute; to sing hymn or praises",PU_09
ਉਸਤਰਾ,اُسترا,"noun, masculine","razor; figurative usage a clever, smart or cunning person",PU_09
ਉਸਤਰਾ ਫੇਰਨਾ,اُسترا پھیرنا,phrase,"to shave; figurative usage to swindle, cheat, cozen, defraud",PU_09
ਉਸਤਰਿਆਂ ਦੀ ਮਾਲ਼ਾ,اُستریاں دی مالا,phrase,"a crown or bed of thorns, razor's edge, a difficult or hazardous job",PU_09
ਉਸਤਾਦ,اُستاد,"noun, masculine","teacher, tutor, instructor, master, master craftsman adjective skilful, expert, adept, adroit, dexterous, proficient; clever, shrewd; swindler, crafty",PU_09
ਉਸਤਾਦੀ,اُستادی,"noun, feminine","mastery, skill, expertness, expertise, adeptness,  adroitness, shrewdness, cunning, artfulness, craftiness",PU_09
ਉਸਦਾ,اُسدا,pronoun,"his, her, its; also ਉਹਦਾ ",PU_09
ਉਸਨੂੰ,اُسنوں,pronoun,"him, her, it",PU_09
ਉਸਨੇ,اُسنے,pronoun,"he, she, it",PU_09
ਉਸਰਈਆ,اُسرئیا,"noun, masculine","builder, maker, founder",PU_09
ਉੱਸਰਨਾ,اُسّرنا,"verb, intransitive","to be built, come up, be constructed, grow, develop; to be strengthened or augmented",PU_09
ਉੱਸਰਵਾਂ,اُسّرواں,"adjective, masculine","being built up, rising",PU_09
ਉਸਰਵਾਉਣਾ,اُسرواؤنا,"verb, transitive",to get something built or constructed,PU_09
ਉੱਸਲ਼ਵੱਟ,اُسّلوٹّ,"noun, masculine","wriggling or writhing motion, tossing and turning, uneasiness, restlessness",PU_09
ਉੱਸਲ਼ਵੱਟ ਲੈਣੇ,اُسّلوٹّ لینے,conjunct verb,"to toss and turn, wriggle and writhe, feel uneasy or restless, squirm",PU_09
ਉਸਾਰਨਾ,اُسارنا,"verb, transitive","to build, construct, raise, build up; to strengthen, augment",PU_09
ਉਸਾਰੀ,اُساری,"noun, feminine","process of ਉਸਾਰਨਾ , construction",PU_09
ਉਸੇ,اُسے,pronoun,"he, she, himself, herself",PU_09
ਉਸ਼ਕਲ,اُشکل,"noun, feminine","incitement, instigation, prompting; impulse, sudden inclination to action",PU_09
ਉਸ਼ਕਲ ਆਉਣੀ,اُشکل آؤنی,conjunct verb,to feel impulse or urge to action,PU_09
ਉਸ਼ਕਲ ਦੇਣੀ,اُشکل دینی,conjunct verb,"to incite, instigate, prompt, motivate, urge",PU_09
ਉਸ਼ਟੰਡ,اُشٹنڈ,"noun, masculine","stunt, hoax, sham, trick",PU_09
ਉਸ਼ਟੰਡੀ,اُشٹنڈی,"adjective, masculine","sham; trickster, hoaxer, impostor",PU_09
ਉਸ਼ਬਾ,اُشبا,"noun, masculine",sarsaparilla,PU_09
ਉਸ਼ਾ,اُشا,"noun, feminine","dawn, morning, light, daybreak",PU_09
ਉਸ਼ੇਰ,اُشیر,"noun, feminine","dawn, morning light, daybreak",PU_09
ਉਸ਼ੇਰ ਸਾਰ,اُشیر سار,adverb,"at dawn, at daybreak",PU_09
ਉਹ,اوہ,pronoun,"he, she, it, they, that, those;  same as ਉਸ , also ਓਹ ",PU_09
ਉਹ ਹੋ,اوہ ہو,interjection,oh!,PU_09
ਉਹ ਜਾਣੇ,اوہ جانے,interjection,"never mind, it is all right, don't bother",PU_09
ਉਹਨਾਂ,اُہناں,pronoun,they,PU_09
ਉਕਸਾਉਣਾ,اُکساؤنا,"verb, transitive","to incite, excite, instigate, encourage, abet, motivate, stimulate, prompt; to provoke",PU_09
ਉਕਸਾਊ,اُکساؤ,adjective,"motivating, stimulating, inciting, exciting; provocative",PU_09
ਉਕਸਾਹਟ,اُکساہٹ,"noun, feminine","incitement, instigation, provocation",PU_09
ਉੱਕਣਾ,اُکّنا,"verb, intransitive","to overlook, omit, forget; to miss; to err, make a mistake, do something through forgetfulness or ignorance; also ਉੱਕ ਜਾਣਾ ",PU_09
ਉਕਤ,اُکت,adjective,"the said, aforesaid, above mentioned, already mentioned",PU_09
ਉਕਤਾਉਣਾ,اُکتاؤنا,"verb, intransitive","to be fed up, tired of, bored, sick of; to feel irked, irritated or exasperated; to lose interest; to become indifferent",PU_09
ਉਕਤਾਹਟ,اُکتاہٹ,"noun, feminine","boredom, exasperation",PU_09
ਉਕਤੀ,اُکتی,"noun, feminine","speech, statement, saying, mark, aphorism",PU_09
ਉਕਤੇਵਾਂ,اُکتیواں,"noun, masculine","loss of interest, indifference",PU_09
ਉੱਕਰਨਾ,اُکّرنا,"verb, transitive","to engrave, inscribe, carve, cut, chisel, chase, etch, tattoo",PU_09
ਉੱਕਰਨੀ,اُکّرنی,"noun, feminine",burin,PU_09
ਉੱਕਰਵਾਂ,اُکّرواں,adjective,"engraved, inscribed, chiselled, etched, tattooed",PU_09
ਉਕਰਵਾਉਣਾ,اُکرواؤنا,"verb, transitive",to cause to be or to get engraved or inscribed,PU_09
ਉਕਰਵਾਈ,اُکروائی,"noun, feminine",process of or wages for ਉਕਰਵਾਉਣਾ ,PU_09
ਉਕਰਾਂ,اُکراں,adverb,"similarly, as the same, in the same way; same as ਓਵੇਂ ",PU_09
ਉਕਰਾਉਣਾ,اُکراؤنا,"verb, transitive",same as ਉਕਰਵਾਉਣਾ ,PU_09
ਉਕਰਾਈ,اُکرائی,"noun, feminine","process of, wages  for ਉਕਰਾਉਣਾ ",PU_09
ਉਕਰੇਵਾਂ,اُکریواں,"noun, masculine","engraving, etching",PU_09
ਉੱਕੜ ਦੁੱਕੜ,اُکّڑ دُکّڑ,adjective,see ਇੱਕੜ ਦੁੱਕੜ ,PU_09
ਉਕੜੂ,اُکڑو,adjective,bent or tilted forward; (as loaded cart) with more weight on the front part,PU_09
ਉੱਕਾ,اُکّا,adverb,"at all; totally, wholly, completely; usually ਉੱਕਾ ਨਹੀਂ- not at all",PU_09
ਉਕਾਉਣਾ,اُکاؤنا,"verb, transitive","to cause to miss, overlook or omit cf. ਉੱਕਣਾ ",PU_09
ਉਕਾਈ,اُکائی,"noun, feminine","failure to act, error or fault of omission, default, oversight, error, mistake",PU_09
ਉੱਕਾ ਪੁੱਕਾ,اُکّا پُکّا,"adjective, masculine","net (cost, price, bargain) without overhead or additional charges",PU_09
ਉਕਾਬ,عقاب,"noun, masculine",eagle,PU_09
ਉਕਾਬੀ,عقابی,adjective,"eagle-like, aquiline, accipitrine, raptorial",PU_09
ਉਕੇਰਾ,اُکیرا,"noun, masculine","engraver, inscriber, etcher, tattooer, tattooist",PU_09
ਉੱਖਣਨਾ,اُکھّننا,"verb, transitive",same as ਉੱਕਰਨਾ ,PU_09
ਉੱਖਲ਼,اُکھّل,"noun, masculine/noun, feminine",pit or mortar for pounding grain especially paddy in,PU_09
ਉੱਖਲ਼ੀ,اُکھّلی,"noun, masculine/noun, feminine",pit or mortar for pounding grain especially paddy in,PU_09
ਉੱਖੜਨਾ,اُکھّڑنا,"verb, intransitive","to get loose, dismantled, disjointed or unhinged; to be uprooted or pulled out; to become shaky or unsteady; to waver; to become unsettled (as in life or business)",PU_09
ਉੱਖੜਵਾਂ,اُکھّڑواں,adjective,"detachable, loose, unfastened or disjointed",PU_09
ਉਖੜਵਾਉਣਾ,اُکھڑواؤنا,"verb, transitive","to get or cause to be disjointed, dismantled or unhinged",PU_09
ਉਖਾੜਨਾ,اُکھاڑنا,"verb, transitive","to disjoint, dismantle, dislocate, unhinge; to extract, uproot, pull-out; to unsettle; to cause to be diffident or waver",PU_09
ਉਖੇੜਨਾ,اُکھیڑنا,"verb, transitive","to disjoint, dismantle, dislocate, unhinge; to extract, uproot, pull-out; to unsettle; to cause to be diffident or waver",PU_09
ਉਖਿਆਈ,اُکھیائی,"noun, feminine",same as ਔਖ ,PU_09
ਉੱਗਣਾ,اُگّنا,"verb, intransitive","to germinate, sprout, grow; (for sun, moon, stars) to rise",PU_09
ਉਗਮਣਾ,اُگمنا,"verb, intransitive","to rise, arise, appear; to emerge, emanate; to take birth",PU_09
ਉਗਰ,اُگر,adjective,"fierce, intense, wrathful, angry, violent, terrible, frightful",PU_09
ਉਗਰਤਾ,اُگرتا,"noun, feminine","fierceness, ferocity, intensity, wrathfulness, terror, frightfulness",PU_09
ਉੱਗਰਨਾ,اُگّرنا,"verb, transitive","to brandish, wave, display (blow or weapon) threateningly, tilt; verb, intransitive to incline forward threateningly, take a threatening posture; to be desirous or anxious to do something",PU_09
ਉਗਰਪੰਥੀ,اُگرپنتھی,"adjective, noun masculine",terrorist,PU_09
ਉਗਰਵਾਦ,اُگرواد,"noun, masculine",terrorism,PU_09
ਉਗਰਵਾਦੀ,اُگروادی,"adjective & noun, masculine",terrorist,PU_09
ਉਗਰਾਹ,اُگراہ,verb,"imperative form of ਉਗਰਾਹੁਣਾ , collect",PU_09
ਉਗਰਾਹੀ,اُگراہی,"noun, feminine","collection (of donations or subscriptions); collection, realisation (of dues)",PU_09
ਉਗਰਾਹੁਣਾ,اُگراہُنا,"verb, transitive",to go round and collect (dues or donations),PU_09
ਉਂਗਲੀ ਕਰਨੀ,اُنگلی کرنی,phrase,to point out; to accuse,PU_09
ਉਂਗਲੀ ਦੇਣੀ,اُنگلی دینی,phrase,"to incite, instigate, abet; to provoke",PU_09
ਉਂਗਲੀ ਧਰਨੀ,اُنگلی دھرنی,phrase,"to select, choose",PU_09
ਉਂਗਲੀ ਨਾ ਚੁੱਕਣਾ,اُنگلی نہ چُکّنا,phrase,"to raise no objection, acquiesce",PU_09
ਉਂਗਲੀ ਫੜਨੀ,اُنگلی پھڑنی,phrase,"to extend a helping hand, help, support (usually in adversity)",PU_09
ਉਂਗਲੀ ਮੂੰਹ ਵਿਚ ਪਾਉਣੀ,اُنگلی مُنہ وِچ پاؤنی,phrase,"to wonder, be amazed, astonished or awe-struck",PU_09
ਉਂਗਲੀ ਲੈਣੀ,اُنگلی لینی,phrase,"to invite trouble, interfere unnecessarily, start unnecessary squabble",PU_09
ਉਂਗਲ਼,اُنگل,"noun, feminine","finger; toe, digit; dactyl; breadth of a finger as a unit of measurement approximately .75 inch",PU_09
ਉਗਲ਼ੱਛਣਾ,اُگلچھّنا,"verb, intransitive","to vomit, disgorge, throw out, spew; figurative usage to disclose, reveal (secret or misappropriated property)",PU_09
ਉੱਗਲ਼ਨਾ,اُگّلنا,"verb, transitive","to disclose, reveal (a secret or misappropriated property)",PU_09
ਉੱਗਲ਼ਨਾ,اُگّلنا,"verb, intransitive","to come to surface as a result of rubbing, heating or fermenting",PU_09
ਉਂਗਲ਼ੀ,اُنگلی,"noun, feminine",same as ਉਂਗਲ਼ ,PU_09
ਉਂਗਲ਼ੀਆਂ ਤੇ ਨਚਾਉਣਾ,اُنگلیاں تے نچاؤنا,phrase,"to make a puppet or a fool of, make someone to sing to one's tune",PU_09
ਉਗਵਾਉਣਾ,اُگواؤنا,"verb, transitive",to get (plant or crop) grown or raised,PU_09
ਉਗਵਾਈ,اُگوائی,"noun, feminine",wages for ਉਗਵਾਉਣਾ ,PU_09
ਉਗਾਉਣਾ,اُگاؤنا,"verb, transitive","to grow, raise, cultivate (plant or crop)",PU_09
ਉਗਾਹ,اُگاہ,"noun masculine, dialectical usage",see ਗਵਾਹ ,PU_09
ਉਗਾਹੀ,اُگاہی,"noun feminine, dialectical usage",see ਗਵਾਹੀ ,PU_09
ਉਗਾਲ਼ੀ ਕਰਨੀ,اُگالی کرنی,conjunct verb,"to chew the cud, ruminate",PU_09
ਉਗਾਲ਼ੀ ਪੈਣਾ,اُگالی پَینا,conjunct verb,"to chew the cud, ruminate",PU_09
ਉਗਾਲ਼ਦਾਨ,اُگالدان,"noun, masculine","spittoon, cuspidor",PU_09
ਉਗਾਲ਼ਨਾ,اُگالنا,"verb, transitive",to bring or cause to come to surface cf. ਉੱਗਲ਼ਨਾ ,PU_09
ਉਗਾਲ਼ੀ,اُگالی,"noun, feminine","cud; cud-chewing, ruminating, mastication",PU_09
ਉਗੇਲ਼ਨਾ,اُگیلنا,"verb, intransitive",same as ਉਗਾਲ਼ਨਾ ,PU_09
ਉੱਘ ਸੁੱਘ,اُگھّ سُگھّ,"noun, feminine","whereabouts, clue, trace, news, information",PU_09
ਉੱਘ ਸੁੱਘ ਲੱਗਣੀ,اُگھّ سُگھّ لگّنی,conjunct verb,to get a clue,PU_09
ਉੱਘ ਸੁੱਘ ਮਿਲਣੀ,اُگھّ سُگھّ مِلنی,conjunct verb,to get a clue,PU_09
ਉੱਘਰਨਾ,اُگھّرنا,"verb, transitive",(for dues or donations) to be collected; cf. ਉਗਰਾਹੁਣਾ ,PU_09
ਉਂਘਲ਼ਾਉਣਾ,اُنگھلاؤنا,"verb, intransitive","to doze, drowse, be sleepy or drowsy, get to sleep lightly or fitfully, be somnolent",PU_09
ਉਂਘਲ਼ਾਹਟ,اُنگھلاہٹ,"noun, feminine/noun, musculine/noun, masculine","drowse, drowsiness, sleepiness, dozing off, somnolence",PU_09
ਉਂਘਲ਼ਾਟਾ,اُنگھلاٹا,"noun, feminine/noun, musculine/noun, masculine","drowse, drowsiness, sleepiness, dozing off, somnolence",PU_09
ਉਂਘਲ਼ੇਟਾ,اُنگھلیٹا,"noun, feminine/noun, musculine/noun, masculine","drowse, drowsiness, sleepiness, dozing off, somnolence",PU_09
ਉਘੜ ਦੁਘੜ,اُگھڑ دُگھڑ,"adjective/adjective, masculine","helter-skelter, in disorder, haphazard, disorderly, botchy, bungled",PU_09
ਉਘੜ ਦੁਘੜਾ,اُگھڑ دُگھڑا,"adjective/adjective, masculine","helter-skelter, in disorder, haphazard, disorderly, botchy, bungled",PU_09
ਉੱਘੜਨਾ,اُگھّڑنا,"verb, intransitive","(for eyes) to open; to become distinct, legible or prominent; (for colour) to have a clear bright hue; (for secret, deceit, etc.) to be disclosed, come out",PU_09
ਉੱਘੜਵਾਂ,اُگھّڑواں,"adjective, masculine","clear, distinctly visible, vivid, bright, conspicuous",PU_09
ਉੱਘਾ,اُگھّا,"adjective, masculine","prominent, well known, leading, important, noted, celebrated, distinguished, eminent; notorious",PU_09
ਉਘਾੜਨਾ,اُگھاڑنا,"verb, transitive","to make clear, conspicuous, bright or vivid, (as colour or impression); cf. ਉੱਘੜਨਾ ",PU_09
ਉਘੇੜਨਾ,اُگھیڑنا,"verb, transitive","to open (eyes); to open (door, knife, etc.); to uncover, reveal (deceit, conspiracy, lie, etc.); informal to separate corn from cob",PU_09
ਉੱਚ,اُچّ,adjective,"high, exalted, grand",PU_09
ਉਚੱਕਪੁਣਾ,اُچکّپُنا,"noun, masculine","rascality, villainy; roguery, knavery",PU_09
ਉਚੱਕਾ,اُچکّا,"noun, masculine","knave, rogue, thief, rascal, swindler, bad character, villain",PU_09
ਉੱਚਤਮ,اُچّتم,adjective,"highest, most exalted",PU_09
ਉੱਚਤਰ,اُچّتر,adjective,higher,PU_09
ਉੱਚਤਾ,اُچّتا,"noun, feminine","highness, greatness, eminence, superiority",PU_09
ਉਚਰ,اُچر,adverb,see ਉਚਿਰ ,PU_09
ਉਚਰਨਾ,اُچرنا,"verb, intransitive","to say, utter, speak",PU_09
ਉਚਰਿਤ,اُچرِت,adjective,"said, uttered, spoken, pronounced",PU_09
ਉੱਚੜਨਾ,اُچّڑنا,"verb, intransitive",to come off (as of skin or crust on wound); to be unstuck or separated,PU_09
ਉੱਚੜ ਪੈੜੇ ਲੱਗਣੇ,اُچّڑ پَیڑے لگّنے,phrase,"to be uneasy, frisky or anxious",PU_09
ਉੱਚੜਵਾਂ,اُچّڑواں,"adjective, masculine","tending to come off, easily unstuck or separated",PU_09
ਉੱਚਾ,اُچّا,"adjective, masculine","high, tall, lofty, elevated, exalted, eminent; loud; adverb up, high, aloft",PU_09
ਉਚਾਈ,اُچائی,"noun, feminine","height, altitude, tallness, rise; pitch; eminence",PU_09
ਉੱਚਾ ਸੁਣਨਾ,اُچّا سُننا,conjunct verb,to be hard of hearing,PU_09
ਉੱਚਾ ਕਰਨਾ,اُچّا کرنا,conjunct verb,"to heighten, raise",PU_09
ਉਚਾਟ,اُچاٹ,adjective,"fed up, bored, satiated, dissatisfied, discontented",PU_09
ਉਚਾਣ,اُچان,"noun, feminine","same as ਉਚਾਈ ; rise, high ground, steepness",PU_09
ਉੱਚਾ ਨੀਵਾਂ,اُچّا نیواں,"adjective, masculine","uneven, rough, rugged",PU_09
ਉੱਚਾ ਨੀਵਾਂ ਹੋਣਾ,اُچّا نیواں ہونا,phrase,to be uneven; to quarrel or pick up a quarrel,PU_09
ਉੱਚਾ ਬੋਲਣਾ,اُچّا بولنا,phrase,to raise one's voice; to shout,PU_09
ਉਚਾਰਨ,اُچارن,"noun, masculine","pronunciation, articulation, enunciation",PU_09
ਉਚਾਰਨ ਕਰਨਾ,اُچارن کرنا,"verb, intransitive as well as transitive","to enunciate, utter, articulate, recite, pronounce; to say, voice",PU_09
ਉਚਾਰਨਾ,اُچارنا,"verb, intransitive as well as transitive","to enunciate, utter, articulate, recite, pronounce; to say, voice",PU_09
ਉਚਾਵਾਂ,اُچاواں,"adjective, masculine","raised, tending to rise or go up; slanting; movable, portable",PU_09
ਉਚਾਵਾਂ ਚੁੱਲ੍ਹਾ,اُچاواں چُلّھا,phrase,"slang fickle-minded, vacillating, wavering, indecisive",PU_09
ਉਚਿਆਉਣਾ,اُچیاؤنا,"verb, transitive",same as ਵਡਿਆਉਣਾ ,PU_09
ਉਚਿਆਈ,اُچیائی,"noun, feminine","see ਉਚਾਈ ; exaltedness, nobility, greatness",PU_09
ਉਚਿਤ,اُچِت,adjective,"proper, befitting, correct, decorous, just, reasonable, right, relevant, adequate",PU_09
ਉਚਿਤਤਾ,اُچِتتا,"noun, feminine","propriety, suitability, justness, relevance, adequacy, advisability",PU_09
ਉਚਿਰ,اُچِر,adverb,"meanwhile, till then",PU_09
ਉੱਚੀ,اُچّی,"noun, feminine","tweezers, pair of small forceps",PU_09
ਉਚੇਚ,اُچیچ,"noun, masculine","special effort to entertain, formality, ceremoniousness",PU_09
ਉਚੇਚਾ,اُچیچا,adjective,"special, particular, exclusive, unusual, ad hoc adverb specially, especially, particularly, as a formality",PU_09
ਉਚੇਰਾ,اُچیرا,"adjective, masculine","higher, taller, loftier, superior",PU_09
ਉਚੇੜਨਾ,اُچیڑنا,"verb, transitive","to pull apart, separate, detach",PU_09
ਉੱਛਣਾ,اُچھّنا,"verb, intransitive",(for mouth or tongue) to become coarse or blistered,PU_09
ਉੱਛਲ਼ਣਾ ਕੁੱਦਣਾ,اُچھّلنا کُدّنا,compound verb,"to frolic, gambol, romp, frisk, caper, play",PU_09
ਉੱਛਲ਼ਣਾ,اُچھّلنا,"verb, intransitive","to jump, leap, hop; to overflow; to vomit, puke",PU_09
ਉਛਾਹ,اُچھاہ,"noun, masculine",see ਉਤਸ਼ਾਹ ,PU_09
ਉਛਾਲ਼ ਕੇਂਦਰ,اُچھال کیندر,"noun, masculine",centre of buoyancy,PU_09
ਉਛਾਲ਼ੀ ਆਉਣੀ,اُچھالی آؤنی,conjunct verb,"to vomit, feel like vomiting, experience nausea",PU_09
ਉਛਾਲ਼,اُچھال,"noun, masculine","impulse, impulsion; buoyancy; overflow",PU_09
ਉਛਾਲ਼ਨਾ,اُچھالنا,"verb, transitive","to throw upwards; toss, hurl, cause to spring; to eject; to expose, unmask, publicize with intent to defame",PU_09
ਉਛਾਲ਼ਾ,اُچھالا,"noun, masculine","overflow, flood; upward jerk",PU_09
ਉਛਾਲ਼ੀ,اُچھالی,"noun, feminine","vomit, puke",PU_09
ਉਛਾੜ,اُچھاڑ,"noun, masculine","cover of pillow, quilt, mattress, bolster, etc.",PU_09
ਉਛਾੜ ਚੜ੍ਹਾਉਣਾ,اُچھاڑ چڑھاؤنا,conjunct verb,"to put, enclose or sheathe in ਉਛਾੜ ",PU_09
ਉਂਜ,اُنج,adverb,see ਉਂਞ ,PU_09
ਉਜੱਡ,اُجڈّ,adjective,"uncultivated, uncouth, gross, crass, uncivilized, philistine, rustic; churlish, surly, gauche",PU_09
ਉਜੱਡਪੁਣਾ,اُجڈّپُنا,"noun, masculine","rusticity, gaucherie, crassness",PU_09
ਉਜੱਡ ਵਿਅਕਤੀ,اُجڈّ وِیکتی,"noun, masculine","churl, lout, oaf, curmudgeon, boor",PU_09
ਉਜਰਤ,اُجرت,"noun, feminine","wage, wages, payment for work or service, remuneration, charges, fee",PU_09
ਉੱਜਲ,اُجّل,adjective,"bright, shining, clean",PU_09
ਉੱਜਲ ਦੀਦਾਰ,اُجّل دیدار,adjective,of blessed mien,PU_09
ਉੱਜੜਨਾ,اُجّڑنا,"verb, intransitive","to be ruined, destroyed, deserted or badly damaged; to become homeless, destitute, penniless; to be displaced, uprooted; to perish",PU_09
ਉਜੜਵਾਉਣਾ,اُجڑواؤنا,"verb, transitive","to cause ruin or destruction through someone, abet ruin or destruction",PU_09
ਉਜਾਗਰ,اُجاگر,adjective,"revealed, manifest; well-known, famous",PU_09
ਉਜਾਗਰ ਹੋਣਾ,اُجاگر ہونا,conjunct verb,"to be revealed; to become manifest, readily perceptible, clear; to become well-known or famous",PU_09
ਉਜਾਗਰ ਕਰਨਾ,اُجاگر کرنا,conjunct verb,to reveal; to make clearly or widely known; to bring out,PU_09
ਉਜਾਲ਼ਾ,اُجالا,"noun, masculine","light, radiance; dawn, daybreak",PU_09
ਉਜਾੜ,اُجاڑ,"noun, feminine","desolation, devastation, ruin; desolate place, wasteland",PU_09
ਉਜਾੜਨਾ,اُجاڑنا,"verb, transitive","to ruin, destroy, devastate, damage, lay waste, vandalize; to squander",PU_09
ਉਜਾੜਾ,اُجاڑا,"noun, masculine","devastation, ruination, vandalism; damage (to crop)",PU_09
ਉਜਾੜਾ ਕਰਨਾ,اُجاڑا کرنا,conjunct verb,to cause damage ( to crop),PU_09
ਉਜਾੜੂ,اُجاڑو,adjective,"squanderer, wastrel, spendthrift; prodigal",PU_09
ਉਜ਼ਰ,عُذر,"noun, masculine","objection, plea, excuse",PU_09
ਉਜ਼ਰ ਕਰਨਾ,عُذر کرنا,conjunct verb,"to object, advance excuse or plea, raise objection",PU_09
ਉਜ਼ਰਦਾਰੀ,عُذرداری,"noun, feminine","expression or registration of ਉਜ਼ਰ , especially in a court",PU_09
ਉਜ਼ੂ,عُضو,"noun, masculine",see ਵੁਜ਼ੂ ,PU_09
ਉਂਞ,اُننج,adverb,"that way; by the way; in fact, but, as a matter of fact;  but",PU_09
ਉਂਞ ਹੀ,اُننج ہی,adverb,"just for nothing, casually, without specific motive or purpose",PU_09
ਉੱਠ,اُٹّھ,"noun masculine, dialectical usage",see ਊਠ ,PU_09
ਉੱਠ,اُٹّھ,verb,"imperative form of ਉੱਠਣਾ , stand up, rise",PU_09
ਉੱਠ ਖਲੋਣਾ,اُٹّھ کھلونا,compound verb,same as ਉੱਠਣਾ ,PU_09
ਉੱਠ ਬਹਿਣਾ,اُٹّھ بہِنا,compound verb,same as ਉੱਠਣਾ ,PU_09
ਉੱਠਣ ਬਹਿਣ,اُٹھّن بہن,"noun, masculine",company; close acquaintance,PU_09
ਉੱਠਣਾ,اُٹھّنا,"verb, intransitive","to rise, get up, stand up to wake, waken, awaken, become awake",PU_09
